,Y1,Y2,X1
0,-0.8815123344012248,-1.0714687044531843,0.5428292674170216
1,0.6752872465713438,1.5595295438720829,1.7940227433629472
2,-1.0062035713638624,-0.8268384904229147,0.5365394821586651
3,-0.9675809017685719,-0.9335187333341145,0.12021115597002763
4,-0.932035538345291,-0.9657157533141693,0.43189575650792533
5,-1.0628632218277716,-0.8278475022927106,0.7144769685829546
6,-0.9996801743562811,-1.0140486368512658,0.9835748236806541
7,-1.0322751492348203,-1.0276783451414522,0.5328053934600597
8,-1.0101513230815427,-0.9653948683131852,0.27659551431099993
9,-0.8661590166705453,-0.9157461638827504,0.9534324590146257
10,-1.1304014912100189,-0.9107454815887414,0.936249623573334
11,-0.9351014550223677,-0.9545323184651608,0.716323788829214
12,-1.1484107884987944,-0.8614114680277576,0.6464637703118606
13,0.6761971327378438,1.6697118875316548,1.292347673474696
14,-0.9649871820527934,-1.1648087424172615,0.093963718780819
15,1.3613267808768996,1.794373486126382,1.673333024899158
16,-1.075368853288588,-0.9433409851570477,0.3806292104242781
17,-0.9307378274980876,-0.8517311545031526,0.37273502438251727
18,-0.9271393292624344,-0.8984276863887728,0.2551789410761818
19,-1.00746377535052,-0.7375549379352834,0.5614475969150395
20,-1.0106514869303713,-0.9567659520942069,0.23610074950073212
21,1.4380410886090613,0.3221057377366452,1.4344793420112483
22,-0.878664111814567,-0.8612827811391518,0.46555266546209784
23,-0.9867811997545276,-0.93593722737718,0.19633299948024396
24,-0.8451220279234217,-0.940888168658594,0.4402099204005736
25,0.528521366897973,1.7934867928029359,1.0144763856499432
26,0.43497692130104326,1.1959708653906151,1.4893645421560744
27,-1.0378153486414412,-0.92126764366804,0.11049837576925003
28,-1.2867086639491214,-1.1038554727850465,0.9484793192678577
29,1.682722088873753,0.7955110255597495,1.8500323718695082
30,-1.1107465899977014,-0.8090324057105127,0.3807721210232472
31,-1.0112311693405205,-0.9813529430628217,0.3251706011590083
32,-0.9330794079667191,-1.0595191925087117,0.5075220131644759
33,-1.0815450481356363,-1.060733892337459,0.9102410810747747
34,-0.009999404355612196,0.8131987214260414,1.5606274672132767
35,-1.0746455985592143,-1.0479444993814377,0.8981655988782152
36,1.6624550479996483,1.3332624306450063,1.0296810683128934
37,-1.057369563583086,-1.047998320275956,0.4847314507690471
38,-1.0584978386344557,-0.9767542668764971,0.9040099599341007
39,-1.0619443670923532,-1.2025922226504195,0.17220809985889973
40,-0.7703309575051905,-1.015021604825126,0.35177181907992006
41,-1.0144725626093996,-1.2086033762688877,0.8531341122226127
42,1.044469791953006,0.4233708595962229,1.5236622320005306
43,1.4151904968335496,1.1088232026642268,1.9576594246076748
44,-0.9669542217165619,-0.9299201002876574,0.9069915087501104
45,-0.8780965939542122,-0.9770087918990102,0.45181216781859923
46,1.5550453409866034,1.142563250916561,1.640304467895069
47,-0.9520886372722831,-0.8486432809283891,0.3301198713491946
48,-1.0560251262544695,-1.0255470840616432,0.6975357926176762
49,-0.9748526731510638,-0.8502268949459083,0.6982264268316031
50,-0.9843801386752228,-1.0416408212942834,0.07852121793281552
51,-1.1205226968559567,-0.8779606710823453,0.5738445368549253
52,-1.0275236698249068,-0.8541825242786784,0.8065575605156889
53,-0.9839551277184643,-0.9586563871511127,0.7426188092691415
54,-0.8935375493602699,-0.9959306556873332,0.6419437573313745
55,-1.013442642311342,-0.8583576190935216,0.4008632508876955
56,-1.1748880125018124,-0.9981006734358884,0.653076214379655
57,1.1482372036123643,1.9562495858972673,1.0433835269510534
58,-0.8857874968799516,-1.2688795557643988,0.5487763043815468
59,-0.8860602846451138,-1.0318787464342711,0.6025761299517456
60,-1.1132002967254915,-1.053874236266951,0.7789589012374035
61,-1.1530395769421298,-1.043230640600792,0.371730181026374
62,-0.9687993373892216,-1.1288010262772608,0.3706838196096175
63,-1.190059499644006,-1.0320675818875595,0.12713766133310855
64,-1.0590183310615968,-1.059048542257894,0.2126661071701087
65,-1.0155889467598112,-0.9374809544446217,0.4864279341102121
66,-0.959244086786111,-0.9406639369697859,0.7686344689790297
67,0.2349872729838175,0.2438947432286641,1.0901817637527969
68,-0.9032480588288864,-0.9140459536320982,0.4473973467419875
69,-0.9083611749621584,-1.1410816856352728,0.6199461835269153
70,-1.0903687038037781,-0.8621894014625587,0.607999347529991
71,-1.0590519277392325,-0.8702435932678397,0.13822854048059063
72,2.2375982563861,-0.006743948550700374,1.6900292842856337
73,-1.0565138190527048,-1.0439068240573457,0.9623306854403153
74,-0.943845049213718,-1.1121829177565195,0.060018816603810254
75,-1.0142802015788996,-0.8588069946399468,0.34014631094533776
76,-0.9919958222364901,-1.0043026199784042,0.05813809883552312
77,-0.9656851474261535,-0.9981125085410009,0.3870477301584597
78,-0.9798725302462729,-1.1562837862983741,0.2763810020713625
79,-0.950369752505722,-0.9938798279610906,0.2656792112732699
80,-0.9224147653088446,-0.9550322859099288,0.4277753923497857
81,1.3613870825123342,1.5068671700980651,1.3892379023727113
82,-1.0630989539273146,-0.9464968452513514,0.18767397372741268
83,-1.0872046220730678,-1.1433878046322024,0.5031392962182855
84,0.4844823924285765,0.9404672712188396,1.6948446669736843
85,-1.085526552453548,-0.9620312680219729,0.2128815081698282
86,-0.9552225424431767,-0.9256678098315534,0.7542142526789144
87,1.8293602247143927,1.9149304692071771,1.4624654105318815
88,-1.1534117358510074,-0.8839528483005268,0.660435334962703
89,0.7331515454461925,0.7441533542370196,1.1469983659846732
90,-0.9298159634769064,-1.0652757624882472,0.6286362714886324
91,-1.0772418839418125,-0.8215050444194956,0.8844048421012856
92,-1.146599351712843,-0.9472025702550203,0.1900874510661077
93,-1.0991977494256728,-0.8880113050614558,0.03006170042285583
94,-1.110125856777938,-0.9825426792113422,0.38068502426487616
95,-1.0809705842337283,-1.1008604403093856,0.13169221781182427
96,-1.0008555075552752,-1.0678762374481319,0.8791583739956895
97,1.4946816143824335,-0.21670322470362935,1.4095153316807014
98,0.5315685033150923,0.9627871547945162,1.7795512656606025
99,0.9200725033786439,0.8754037089609866,1.5662742921425423
100,-0.8652894651863984,-0.8166893850258717,0.9117918878755722
101,0.6225642390541515,0.01281339555117611,1.4462388492447436
102,-1.1958694771413134,-1.107323701572553,0.2512939982233938
103,-0.9784982917526002,-1.0298670219236614,0.9177567195578326
104,-0.8871572063007872,-1.237559842127001,0.6797198150702224
105,1.3955449442056609,1.3968228838859078,1.5108792367401793
106,-1.1733180520184758,-1.034299306029062,0.8680054804848227
107,0.4368382894326194,1.0457879027900248,1.3876555570731441
108,-1.0285643250172745,-0.9416392908036249,0.9834907901064156
109,-1.0263627218782934,-0.9308147931785673,0.544309051925164
110,-1.0656219364945165,-1.074853339137095,0.6591819208918578
111,-1.1410717032981088,-1.1883863057102335,0.6502426254519956
112,-1.0951105591495807,-0.9556746534230416,0.5329794659682645
113,1.3545109603079526,1.0696388355405193,1.4777029327212272
114,-1.1009098993494872,-0.8478030591183342,0.4979366215426021
115,-0.8809248482640264,-0.9664055895291663,0.5799285284632377
116,0.420042953498281,1.233453814836829,1.8321988032980703
117,-0.926357856826256,-0.997964367969309,0.8292128533122212
118,-1.1544997366904206,-1.040223142917518,0.4670132475664608
119,-0.8985537447773524,-0.9527894718517719,0.25536973373724714
120,2.1660650614838217,1.6259655615224222,1.8802676169688763
121,0.7362058590946245,0.5186220439815239,1.560126933263927
122,-1.0060904810588247,-0.8410015420537361,0.7313154606796821
123,-0.9152624401923448,-1.0570116305250379,0.586836274230696
124,-0.8735385990286836,-1.0901240112975727,0.24981345134796695
125,-1.1177250856768024,-0.9418075644741966,0.32032139144043437
126,-1.0425428505021048,-0.8105470445143597,0.799590942552546
127,1.2910892758525174,0.841363182956399,1.7937165635016747
128,0.7424366146964698,0.5512559875070651,1.0429798160985118
129,-0.9359826834982481,-0.9548405606970238,0.13885073564128503
130,-0.9968254944099637,-1.109464847250952,0.4353562053419753
131,1.1656710270380413,1.054323520169586,1.7005775319587897
132,-0.8842806009621953,-1.0473167467464957,0.5826627307172929
133,-0.8856007814248806,-0.989317271292244,0.5452562132017764
134,1.616882263682644,1.3848770463758782,1.396986698892125
135,1.428617266349554,1.9179209632219525,1.8172535818663569
136,-1.165341290866658,-1.0751053397724466,0.03051523555687352
137,1.3524648325586623,1.2665946047944954,1.9085961325855354
138,1.3170638027974892,-0.17675116559513593,1.5763151618380333
139,-1.0794037346797212,-1.0640716803404016,0.043894600126781036
140,-0.772488578373897,-0.8869083052352575,0.7466049504034296
141,1.322786302173701,1.0230322642674246,1.5611450014245076
142,-0.8618371416218512,-0.976021452831092,0.6773420986809261
143,-1.0978944891153326,-1.0949466267164205,0.8725711908060692
144,-1.1190298402835566,-0.8811326446720622,0.5140479091697516
145,-1.0189111051365407,-1.0978206430801185,0.6267849973953958
146,-1.0601038111295151,-1.0868406280008176,0.9214029011256013
147,-1.0637613708273195,-1.0917773280467356,0.18780248146720002
148,-0.9045620523299448,-0.9926813723581646,0.6909816262788724
149,-0.9645654047619296,-0.9608223975987312,0.09314184795119462
150,-1.1225687345417512,-0.9766898407299613,0.06872296283781443
151,-1.034787220369507,-0.8835866973947708,0.2588635868958712
152,-0.9444483361043173,-0.930200514664663,0.7853681353870859
153,1.6640049013340321,1.2044977342891274,1.1283690803187407
154,-0.9389429092763147,-0.9725443860827526,0.2272779100576422
155,-0.820617086719978,-1.0295864584119265,0.480137625090188
156,-0.8249261144464286,-1.1697478672328996,0.09266175394020992
157,0.8686044513053661,0.602132186925743,1.465443190636649
158,-1.033088043009895,-1.045458658477273,0.9247220741009277
159,-0.8438619327676782,-0.883664302845335,0.1686161410084267
160,0.7346066703083621,0.9178459627926574,1.573333139240089
161,-1.044305601474556,-0.9283685217845685,0.4964544311182554
162,-1.0342482501867432,-1.329315263279024,0.9867676827686305
163,-1.0394077022026602,-1.094461674369418,0.5381838738645766
164,-0.9611112072588839,-0.9978201070012754,0.7982371045115472
165,-1.0108937559553575,-0.9344062586149661,0.6894136471212595
166,-0.8352892401809195,-0.9842859100892761,0.4603944900341501
167,-1.1055623230297982,-0.8902032580456183,0.9944011604506541
168,-1.1800327338974679,-1.1162453317239787,0.8875888774872683
169,-0.9735972456746284,-0.9691602520098538,0.11602680893560868
170,-1.0547028737825863,-1.0543204608234469,0.5763427062057422
171,1.2183840801165877,0.029280557394026574,1.8901420498517498
172,-0.9499894051994004,-1.0895062972944403,0.7696562804829576
173,-1.0130796412712446,-0.9076940395722595,0.20342032905979068
174,0.6314774578267123,1.5328175499824161,1.2292308708728523
175,-1.079975212839998,-1.0277562772224549,0.33182684272771157
176,-0.7468874614114875,-0.9476043261612566,0.3543833202892904
177,0.7920682703209618,1.287721961699614,1.0822741167603378
178,-0.900155830260863,-1.0170179222641678,0.9300758782909058
179,-0.9553166803774655,-0.942302596654153,0.5076971814194086
180,1.062263180868433,0.5636981213901464,1.932808239290794
181,0.3167762114992002,0.21831418635740296,1.9529858459871368
182,-1.1249877893942122,-0.8527650955429351,0.919239435639251
183,1.9989594186478112,1.4184585978687114,1.7467968205663422
184,-1.034661932009091,-1.0634628929081016,0.2796647578618662
185,-0.9985814008481935,-0.9942782889134633,0.29652859685851496
186,-1.214055099101054,-1.121892238507038,0.9475289850256657
187,1.983431209553045,1.6530248794094238,1.9253672647101003
188,-0.9125323558313027,-0.9760432985286634,0.8066815264443606
189,-0.9904220182028579,-1.051524962774767,0.20482133266617464
190,-0.9329743208025909,-1.0683304836898546,0.11698334709565283
191,1.161025311184428,1.3642376041551625,1.1852369587455738
192,-0.8791168620083544,-1.1318421407081787,0.9414476232310908
193,-0.9004637665214863,-0.8966246450080739,0.6145370360504624
194,-1.0174307670474538,-0.9169012375311772,0.7286926289273402
195,0.5767621159284039,-0.02959599349472186,1.5065239756906923
196,-1.03250215599448,-1.0820216527231454,0.6224488402826823
197,1.0084445733555107,1.093057031445518,1.4320221720787145
198,-1.0284089826876481,-1.1628959080534789,0.9968127392260541
199,-1.056483681080902,-1.007609957368093,0.6172501782535861
